0,0.0,429.9784851074219,29.979900360107425,-299.7960205078125,,2.2600842015357787,0.6964583016083896,
0,0.01,429.8939514160156,29.89887619018555,-299.357177734375,,2.368270065783713,1.7981395980071528,
0,0.02,429.7675476074219,29.784074783325195,-299.1071472167969,,2.8665216721942937,1.4212279765338132,
0,0.03,429.4958801269531,29.55556488037109,-298.79901123046875,,3.7009690756515154,1.8416812722381009,
0,0.04,429.0864868164063,29.230024337768555,-298.510498046875,,4.6114770145122534,2.118735899755312,
0,0.05,428.74896240234375,28.97126197814941,-298.344970703125,,5.205724587923899,2.2438161900120503,
0,0.06000000000000001,428.2164611816406,28.5769100189209,-298.1611328125,,5.976623221348574,2.368386728580807,
0,0.07,426.943603515625,27.70216941833496,-297.9490966796875,,7.329269860705513,2.527277728755122,
0,0.08,426.0415344238281,27.14756774902344,-297.9194641113281,,8.008807545555474,2.612995794751792,
0,0.09,425.1497497558594,26.66037368774414,-297.9544982910156,,8.509613076476711,2.7484199783780277,
0,0.1,424.18292236328125,26.209407806396484,-298.04583740234375,,8.8809638273821,2.903155162866213,
0,0.11,423.2584228515625,25.862314224243164,-298.1740417480469,,9.020852427409668,3.651643205395368,
0,0.11999999999999998,422.343505859375,25.59956932067871,-298.3415222167969,,8.82868726714822,2.594025541906135,
0,0.12999999999999998,421.5718994140625,25.43591117858887,-298.5152587890625,,8.550812385634552,2.6149571483306118,
0,0.14,420.5814208984375,25.324913024902344,-298.79083251953125,,8.307501579518318,2.71854994954952,
0,0.15,419.5489807128906,25.36185646057129,-299.1289367675781,,8.1861718752677,2.645851312575773,
0,0.16,418.6009216308594,25.539480209350586,-299.4566345214844,,7.965269263475847,2.501383330672026,
0,0.17,418.0819396972656,25.68723297119141,-299.6293640136719,,7.770981813397219,1.7937284715099646,
0,0.18000000000000002,417.2593383789063,25.98991394042969,-299.88287353515625,,7.450097201615804,0.9557537052188517,
0,0.19000000000000006,416.527099609375,26.33521842956543,-300.0859069824219,,7.209955856708551,0.28913208584056005,
0,0.20000000000000004,415.8959045410156,26.70246505737305,-300.2479553222656,,7.05404141288575,0.4848221171108379,
0,0.21000000000000005,414.7140808105469,27.67751693725586,-300.5868225097656,,7.020650301971586,0.9881371164924749,
0,0.22000000000000008,414.3717651367188,28.08652687072754,-300.72296142578125,,7.101060839080383,0.845717896587026,
0,0.2300000000000001,414.0292663574219,28.58269500732422,-300.87738037109375,,7.21589614446516,0.6074164848625266,
0,0.2400000000000001,413.7451477050781,29.0804386138916,-301.0168762207031,,7.358431600930713,0.3717890332093431,
0,0.2500000000000001,413.4751586914063,29.652894973754886,-301.1579284667969,,7.56151703091694,0.23559825985930327,
0,0.2600000000000001,413.2477111816406,30.24339485168457,-301.28424072265625,,7.814478918252466,0.3427354525122848,
0,0.2700000000000001,413.0649719238281,30.82604217529297,-301.3937683105469,,8.104908059185036,0.550627550699884,
0,0.2800000000000001,412.88916015625,31.541805267333984,-301.5166320800781,,8.515155534714324,0.6906185089090023,
0,0.2900000000000001,412.7682800292969,32.20127487182617,-301.6263122558594,,8.899119372025806,0.7017947518345887,
0,0.3000000000000001,412.6534423828125,33.084884643554695,-301.7681884765625,,9.318970427436167,0.6284593017572266,
0,0.3100000000000001,412.6288757324219,33.333778381347656,-301.806640625,,9.423699613649562,0.6024673537991626,
0,0.3200000000000001,412.5538940429688,34.38591766357422,-301.95684814453125,,9.726219220699312,0.5024937897076881,
0,0.3300000000000001,412.5118103027344,35.349769592285156,-302.0584411621094,,9.86966337530741,0.4880196230284494,
0,0.3400000000000001,412.4914855957031,36.15157699584961,-302.1146240234375,,9.98372728417273,0.507138974537535,
0,0.3500000000000001,412.4836120605469,36.90362548828125,-302.1471252441406,,10.091209261566345,0.5200829452961544,
0,0.3600000000000001,412.4897155761719,37.97083282470703,-302.1658935546875,,10.239672367687417,0.5040754633817189,
0,0.37000000000000016,412.5150146484375,39.053138732910156,-302.1592102050781,,10.37987163741595,0.4495190062289268,
0,0.38000000000000017,412.5453796386719,39.865814208984375,-302.1410827636719,,10.47622949106161,0.39608467202688424,
0,0.3900000000000002,412.5832824707031,40.65346145629883,-302.1152648925781,,10.56180284592194,0.34208240542307317,
0,0.4000000000000002,412.6432800292969,41.669593811035156,-302.0726318359375,,10.660897828762353,0.2850462821506368,
0,0.4100000000000002,412.7173767089844,42.72570419311523,-302.0198974609375,,10.751111520270799,0.24296635023434157,
0,0.4200000000000002,412.7996520996094,43.7567253112793,-301.9627380371094,,10.827638449833286,0.21686320022091876,
0,0.4300000000000002,412.8937377929688,44.8261604309082,-301.89947509765625,,10.8961937986418,0.19416193228290954,
0,0.4400000000000002,412.9361267089844,45.28155517578125,-301.8717346191406,,10.922359632756674,0.18524632561279053,
0,0.4500000000000002,413.0640563964844,46.58759689331055,-301.79052734375,,10.988433630491187,0.1613182996967894,
0,0.4600000000000002,413.12786865234375,47.21026611328125,-301.7515869140625,,11.015734837755721,0.14940670268468842,
0,0.4700000000000002,413.2072143554688,47.96578598022461,-301.703857421875,,11.045607142838355,0.13765539186943065,
0,0.4800000000000002,413.32794189453125,49.0858268737793,-301.6342468261719,,11.08405129335695,0.12518224080538803,
0,0.4900000000000002,413.418701171875,49.91156005859375,-301.5834045410156,,11.10845857085824,0.11937285970400131,
0,0.5000000000000002,413.48480224609375,50.50711059570313,-301.54718017578125,,11.124237691806913,0.1159603206698378,
0,0.5100000000000002,413.4884948730469,50.54022216796875,-301.5451965332031,,11.125070645366304,0.11568756705245703,
0,0.5200000000000002,413.5143432617188,50.77206039428711,-301.53131103515625,,11.130808654813467,0.11700834743304579,
0,0.5300000000000002,413.5475769042969,51.0703125,-301.5134582519531,,11.13788724745914,0.11329079261539163,
0,0.5400000000000003,413.6368713378906,51.86654281616211,-301.46649169921875,,11.155280982794565,0.11171120548049757,
0,0.5500000000000003,413.7187805175781,52.59749221801758,-301.42431640625,,11.169443136691067,0.10850259570398553,
0,0.5600000000000003,413.7857971191406,53.19624710083008,-301.3904113769531,,11.179919713805642,0.10457966243701812,
0,0.5700000000000003,413.7932434082031,53.26281356811523,-301.3866882324219,,11.181027191837243,0.10468592965844861,
0,0.5800000000000003,413.7932434082031,53.26281356811523,-301.3866882324219,,11.181027191837243,0.10468592965844861,
0,0.5900000000000003,413.8006896972656,53.32938766479492,-301.3829650878906,,11.182119174890415,0.10346668776345096,
0,0.6000000000000003,413.8081359863281,53.39596557617188,-301.3792419433594,,11.183202596365794,0.10229357769138321,
0,0.6100000000000003,413.8081359863281,53.39596557617188,-301.3792419433594,,11.183202596365794,0.10229357769138321,
0,0.6200000000000003,413.8863220214844,54.0954704284668,-301.34063720703125,,11.1939303307222,0.09641734005479273,
0,0.6300000000000003,414.0336608886719,55.42985916137695,-301.2696838378906,,11.211422045202333,0.08436507986276456,
0,0.6400000000000003,414.1138305664063,56.16478729248047,-301.23193359375,,11.219626311939134,0.07812535945639314,
0,0.6500000000000004,414.1860046386719,56.83347702026367,-301.19854736328125,,11.22632053978811,0.07312266617339327,
0,0.6600000000000004,414.2925415039063,57.83747100830078,-301.14996337890625,,11.235156430615804,0.06552695270789435,
0,0.6700000000000004,414.35546875,58.44038009643555,-301.1217041015625,,11.239825926401137,0.06146033310926048,
0,0.6800000000000004,414.37969970703125,58.67494201660156,-301.1108703613281,,11.24153341726255,0.06221864867777435,
0,0.6900000000000004,414.3969421386719,58.8425178527832,-301.1032409667969,,11.242716077653295,0.060779581748012866,
0,0.7000000000000004,414.3969421386719,58.8425178527832,-301.1032409667969,,11.242716077653295,0.060779581748012866,
0,0.7100000000000004,414.4107055664063,58.976600646972656,-301.0971374511719,,11.24363648199693,0.058859532008235085,
0,0.7200000000000004,414.4651794433594,59.51309585571289,-301.0730895996094,,11.247145403063833,0.05711283062391216,
0,0.7300000000000004,414.46856689453125,59.54663467407226,-301.07159423828125,,11.247356655754357,0.057101242940507356,
0,0.7400000000000004,414.4719543457031,59.58017349243164,-301.0700988769531,,11.247565897457093,0.056989927033860244,
0,0.7500000000000004,414.4719543457031,59.58017349243164,-301.0700988769531,,11.247565897457093,0.056989927033860244,
0,0.7600000000000005,414.4854431152344,59.71434783935547,-301.064208984375,,11.248379231839861,0.0549980631078303,
0,0.7700000000000005,414.53558349609375,60.21763610839844,-301.04229736328125,,11.251316746486925,0.053235544507299254,
0,0.7800000000000005,414.5389099121094,60.251197814941406,-301.0408630371094,,11.2515050051892,0.05301451616440449,
0,0.7900000000000005,414.5488586425781,60.35188293457031,-301.03656005859375,,11.252059031272145,0.05257267820006847,
0,0.8000000000000005,414.5686340332031,60.55328369140625,-301.0279541015625,,11.253152727188901,0.05404878457008223,
0,0.8100000000000005,414.6530456542969,61.42639541625977,-300.9915466308594,,11.257496310196462,0.04996372702827759,
0,0.8200000000000005,414.6722106933594,61.62796401977539,-300.9833068847656,,11.258418005418564,0.05091195006109313,
0,0.8300000000000005,414.6944274902344,61.86317443847656,-300.97381591796875,,11.259461998080065,0.05040076840833585,
0,0.8400000000000005,414.69757080078125,61.89677810668945,-300.97247314453125,,11.259609183157242,0.05032321572019401,
0,0.8500000000000005,414.69757080078125,61.89677810668945,-300.97247314453125,,11.259609183157242,0.05032321572019401,
0,0.8600000000000005,414.7007141113281,61.930381774902344,-300.97113037109375,,11.259754388630748,0.05017276538939012,
0,0.8700000000000006,414.7195739746094,62.13203048706055,-300.96307373046875,,11.260607892001609,0.049507607195535625,
0,0.8800000000000006,414.73828125,62.33370971679688,-300.955078125,,11.26143416022514,0.049622635877998915,
0,0.8900000000000006,414.7413940429688,62.36732482910156,-300.9537658691406,,11.261570496249446,0.04981157106548945,
0,0.9000000000000006,414.7445068359375,62.40093994140625,-300.95245361328125,,11.261705793691373,0.049901532196146584,
0,0.9100000000000006,414.7723083496094,62.70352554321289,-300.9406433105469,,11.262883427381201,0.0486570178946437,
0,0.9200000000000006,414.8329772949219,63.37617111206055,-300.9148864746094,,11.265308916354014,0.04768573384972422,
0,0.9300000000000006,414.86572265625,63.74625015258789,-300.9010925292969,,11.266547161423697,0.048047791147059135,
0,0.9400000000000006,414.8951110839844,64.082763671875,-300.888671875,,11.267614659565822,0.047500277254251176,
0,0.9500000000000006,414.9526977539063,64.75600433349611,-300.86444091796875,,11.269578127162776,0.0469945958879594,
0,0.9600000000000006,415.0004577636719,65.32845306396484,-300.8443603515625,,11.27109754003744,0.04628257303807148,
0,0.9700000000000006,415.0252990722656,65.63159942626953,-300.83392333984375,,11.271851294657964,0.04615661483421311,
0,0.9800000000000006,415.0280456542969,65.665283203125,-300.832763671875,,11.27193380737834,0.0461627678485509,
0,0.9900000000000008,415.0389709472656,65.80002593994139,-300.8281555175781,,11.272251079200124,0.04569593035030205,
0,1.0000000000000009,415.0686950683594,66.17063140869139,-300.81573486328125,,11.2731065158276,0.0455403880525185,
0,1.010000000000001,415.14984130859375,67.21546173095703,-300.7816162109375,,11.275253629933866,0.04376062350490085,
0,1.020000000000001,415.20263671875,67.92354583740234,-300.7593688964844,,11.27652662701135,0.04259930279388338,
0,1.0300000000000007,415.20263671875,67.92354583740234,-300.7593688964844,,11.27652662701135,0.04259930279388338,
0,1.0400000000000007,415.2100524902344,68.02471160888672,-300.7562561035156,,11.276703224846065,0.04252575939926415,
0,1.0500000000000007,415.2149658203125,68.0921630859375,-300.7541809082031,,11.276815961627179,0.04242909457695333,
0,1.0600000000000007,415.2174072265625,68.12589263916016,-300.7531433105469,,11.276870557057036,0.04232646818352972,
0,1.0700000000000007,415.2222900390625,68.19335174560547,-300.7510681152344,,11.276982538337275,0.0422124318228968,
0,1.0800000000000007,415.2441101074219,68.49691772460939,-300.7418212890625,,11.277473763268025,0.041690517277353956,
0,1.0900000000000007,415.2750244140625,68.93548583984375,-300.7287292480469,,11.278139046979883,0.040827386958086735,
0,1.1000000000000008,415.2983703613281,69.27289581298828,-300.7188415527344,,11.27862391939941,0.0401676370519618,
0,1.1100000000000008,415.3075866699219,69.40787506103516,-300.7149353027344,,11.27880948364536,0.039855935799621135,
0,1.1200000000000008,415.3235778808594,69.64408874511719,-300.7080993652344,,11.279127503165542,0.03945594534192298,
0,1.1300000000000008,415.3303527832031,69.74533843994139,-300.7051696777344,,11.279261833729656,0.03928057009154161,
0,1.1400000000000008,415.3303527832031,69.74533843994139,-300.7051696777344,,11.279261833729656,0.03928057009154161,
0,1.1500000000000008,415.3326110839844,69.77909088134766,-300.7041931152344,,11.279303622683383,0.03917828853767171,
0,1.1600000000000008,415.3348693847656,69.81284332275389,-300.7032165527344,,11.279343568907871,0.039065538524977704,
0,1.1700000000000008,415.3348693847656,69.81284332275389,-300.7032165527344,,11.279343568907871,0.039065538524977704,
0,1.1800000000000008,415.3371276855469,69.84659576416016,-300.7022705078125,,11.279381686510096,0.03896490861838279,
0,1.1900000000000008,415.3371276855469,69.84659576416016,-300.7022705078125,,11.279381686510096,0.03896490861838279,
0,1.2000000000000008,415.34381103515625,69.94785308837889,-300.6994323730469,,11.279509181489429,0.03877631949117075,
0,1.2100000000000009,415.3504943847656,70.04911041259766,-300.69659423828125,,11.279637393495978,0.03855146345758734,
0,1.2200000000000009,415.40478515625,70.89305877685547,-300.6732482910156,,11.280630182715518,0.03684540216917895,
0,1.2300000000000009,415.4765930175781,72.07503509521484,-300.6418762207031,,11.281837905456337,0.03459411075109262,
0,1.2400000000000009,415.5306396484375,73.02090454101562,-300.6180114746094,,11.282662605703122,0.03287497820650488,
0,1.2500000000000009,415.5798034667969,73.9332504272461,-300.5959167480469,,11.283356642234518,0.03149686846386631,
0,1.2600000000000011,415.60595703125,74.44022369384766,-300.5840148925781,,11.283701707598366,0.03093947582241712,
0,1.2700000000000011,415.61956787109375,74.71060943603516,-300.5777282714844,,11.283883787692078,0.030131545382136443,
0,1.2800000000000011,415.6492919921875,75.31909942626953,-300.5639953613281,,11.284255244761988,0.0295324053532127,
0,1.2900000000000011,415.6747131347656,75.86001586914062,-300.5520324707031,,11.284568464997417,0.02917020980187766,
0,1.300000000000001,415.69921875,76.40103149414062,-300.5403137207031,,11.284850119327956,0.02843995424560062,
0,1.310000000000001,415.76458740234375,77.95670318603516,-300.50830078125,,11.285572021500876,0.026897840470969395,
0,1.320000000000001,415.8128967285156,79.24267578125,-300.48944091796875,,11.29972095064495,0.02939097175942329,
0,1.330000000000001,415.8304138183594,79.75099182128906,-300.49029541015625,,11.304355053193648,0.029494622126078156,
0,1.340000000000001,415.8652648925781,80.83570861816406,-300.4969177246094,,11.305534477262512,0.025592966710041704,
0,1.350000000000001,415.9140930175781,82.52938079833984,-300.49432373046875,,11.286652814385127,0.024084878071881307,
0,1.360000000000001,415.92657470703125,83.0034408569336,-300.49169921875,,11.294723219804137,0.02216138054880064,
0,1.370000000000001,415.93756103515625,83.44387817382812,-300.4923400878906,,11.298187511200608,0.02396384566876277,
0,1.380000000000001,415.96044921875,84.42666625976562,-300.49749755859375,,11.299524502203163,0.02135055977808033,
0,1.3900000000000008,415.9791259765625,85.30767822265625,-300.5016784667969,,11.289499255026453,0.02694812829983534,
0,1.4000000000000008,416.0079956054688,86.83130645751953,-300.4955749511719,,11.294301665065003,0.020545512225977357,
0,1.4100000000000008,416.019775390625,87.54283142089844,-300.4989929199219,,11.295462199837635,0.018892813585314056,
0,1.4200000000000008,416.04248046875,89.10027313232422,-300.4947204589844,,11.277200031243204,0.01701023665904352,
0,1.4300000000000008,416.0574645996094,90.31916046142578,-300.49163818359375,,11.29199037188386,0.017538728108977365,
0,1.4400000000000008,416.0618591308594,90.72565460205078,-300.4933776855469,,11.29290416860204,0.017408073066516518,
0,1.4500000000000008,416.0672912597656,91.26764678955078,-300.49627685546875,,11.293160118388926,0.016568182583294327,
0,1.4600000000000009,416.0713806152344,91.70801544189452,-300.4986572265625,,11.293001039330509,0.016116059073177504,
0,1.4700000000000009,416.07745361328125,92.41928100585938,-300.50115966796875,,11.283493538235854,0.024844588691365323,
0,1.4800000000000009,416.0815734863281,92.9268035888672,-300.4963073730469,,11.277352178772846,0.01537060454967843,
0,1.4900000000000009,416.0870056152344,93.70535278320312,-300.493408203125,,11.288018030431054,0.015699240441453637,
0,1.5000000000000009,416.0905456542969,94.28111267089844,-300.4951171875,,11.290477507066282,0.014749109308585378,
0,1.5100000000000011,416.094482421875,95.02635192871094,-300.4987487792969,,11.291164789877746,0.0140731409100673,
0,1.5200000000000011,416.0967712402344,95.53445434570312,-300.5013122558594,,11.28814743558175,0.014498250041622375,
0,1.5300000000000011,416.096923828125,95.56832122802734,-300.5013732910156,,11.287059355990985,0.016465750030779946,
0,1.5400000000000011,416.0972290039063,95.63603973388672,-300.5013732910156,,11.284907428961196,0.02088682310241764,
0,1.5500000000000012,416.0973815917969,95.66989135742188,-300.5013122558594,,11.283885970196131,0.022601671154477216,
0,1.5600000000000012,416.0997314453125,96.24504852294922,-300.49615478515625,,11.276011099866203,0.012552407043693712,
0,1.5700000000000012,416.1015625,96.75267028808594,-300.4930725097656,,11.284327368913065,0.013181191290091805,
0,1.5800000000000012,416.1021423339844,96.955810546875,-300.4929504394531,,11.286315323665995,0.013113934240273097,
0,1.5900000000000012,416.1042785644531,97.7685775756836,-300.4953308105469,,11.289738860669875,0.012672303687458454,
0,1.6000000000000012,416.1044006347656,97.83631134033205,-300.4956359863281,,11.28984116079477,0.0127043859557298,
0,1.6100000000000012,416.1045837402344,97.93791198730469,-300.49609375,,11.289965927259404,0.012585751069184655,
0,1.6200000000000012,416.1055603027344,98.47985076904295,-300.498779296875,,11.290229579494117,0.011904458498959172,
0,1.6300000000000012,416.1063537597656,99.08956146240234,-300.50189208984375,,11.287189618281626,0.013345756763937809,
0,1.6400000000000012,416.1063537597656,99.08956146240234,-300.50189208984375,,11.287189618281626,0.013345756763937809,
0,1.6500000000000012,416.10650634765625,99.2588348388672,-300.5018005371094,,11.281959754724896,0.02332470441686005,
0,1.6600000000000013,416.1066589355469,99.42803192138672,-300.5008239746094,,11.27791517185549,0.020481119008397865,
0,1.6700000000000013,416.106689453125,99.46186065673828,-300.50054931640625,,11.277259328528814,0.019044752839150213,
0,1.6800000000000013,416.1072082519531,100.0369110107422,-300.4945373535156,,11.27954025558785,0.017399786875273663,
0,1.6900000000000013,416.1072692871094,101.32353973388672,-300.4955139160156,,11.288998851223344,0.01061334400132649,
0,1.7000000000000013,416.1065673828125,102.1702117919922,-300.49951171875,,11.289574761097596,0.00983983898950857,
0,1.7100000000000013,416.1056213378906,103.21957397460938,-300.4981994628906,,11.273621156855736,0.012170516628269921,
0,1.7200000000000013,416.1039123535156,104.20095825195312,-300.49310302734375,,11.28600913344619,0.009961928560152059,
0,1.730000000000001,416.1031188964844,104.6411590576172,-300.4942321777344,,11.288016757912656,0.008848244316852591,
0,1.740000000000001,416.1029357910156,104.74275970458984,-300.4945983886719,,11.288286374316673,0.00879619349931398,
0,1.750000000000001,416.1025695800781,104.94596099853516,-300.4953918457031,,11.288684412798045,0.008694871548302998,
0,1.7600000000000011,416.1016845703125,105.35236358642578,-300.4972229003906,,11.289092502272945,0.008113580643374687,
0,1.7700000000000014,416.1016845703125,105.35236358642578,-300.4972229003906,,11.289092502272945,0.008113580643374687,
0,1.7800000000000014,416.101318359375,105.48783111572266,-300.4978332519531,,11.289152783948737,0.008085583695296352,
0,1.7900000000000014,416.1001281738281,105.9281005859375,-300.5000305175781,,11.28919752318319,0.007798870148127456,
0,1.8000000000000014,416.0994873046875,106.16516876220705,-300.50128173828125,,11.288194475137992,0.007753175732281705,
0,1.8100000000000012,416.0986633300781,106.46983337402344,-300.50103759765625,,11.279258850841703,0.02295777621229712,
0,1.8200000000000012,416.0975646972656,106.875732421875,-300.4968566894531,,11.27331178757827,0.00872819122007906,
0,1.8300000000000012,416.0975646972656,106.875732421875,-300.4968566894531,,11.27331178757827,0.00872819122007906,
0,1.8400000000000012,416.0971984863281,107.01101684570312,-300.4952392578125,,11.275499184442399,0.010425181491151955,
0,1.8500000000000012,416.0960998535156,107.41706848144531,-300.4927978515625,,11.282263524918159,0.008056507579357117,
0,1.8600000000000012,416.0960998535156,107.41706848144531,-300.4927978515625,,11.282263524918159,0.008056507579357117,
0,1.8700000000000012,416.0959167480469,107.48477172851562,-300.4926452636719,,11.283060038084267,0.007329337881945323,
0,1.8800000000000012,416.0957336425781,107.55247497558594,-300.4925537109375,,11.283773605027184,0.007194470640633139,
0,1.8900000000000012,416.0952758789063,107.72174072265624,-300.4925537109375,,11.285243622433098,0.008020409359368683,
0,1.9000000000000012,416.0931091308594,108.46671295166016,-300.49456787109375,,11.288307431571113,0.0070653206701850255,
0,1.9100000000000013,416.0906677246094,109.14405059814452,-300.4975891113281,,11.28893455728196,0.006550005047022317,
0,1.9200000000000013,416.0889587402344,109.6181869506836,-300.4998779296875,,11.288961287970745,0.006312421500732161,
0,1.9300000000000013,416.0878601074219,109.92298889160156,-300.5014953613281,,11.287937296141571,0.006350022454467026,
0,1.9400000000000013,416.0848083496094,110.76881408691406,-300.49542236328125,,11.275239204918824,0.009189715853152215,
0,1.9500000000000013,416.0840759277344,110.9718017578125,-300.4938049316406,,11.279038294089704,0.013162093151050597,
0,1.9600000000000013,416.0827331542969,111.34410095214844,-300.4927062988281,,11.283852114567093,0.00581580430695121,
0,1.9700000000000013,416.0820007324219,111.54722595214844,-300.4927978515625,,11.28547852349587,0.007074794182117329,
0,1.980000000000001,416.0818786621094,111.58108520507812,-300.4928283691406,,11.285698567291266,0.007250620232086597,
0,1.990000000000001,416.0805358886719,111.95353698730469,-300.4937438964844,,11.287408879466627,0.005994275363403471,
0,2.0000000000000013,416.0771179199219,112.90179443359376,-300.49774169921875,,11.288726134359107,0.0051496349094385125,
0,2.0100000000000007,416.0765075683594,113.07112884521484,-300.4985046386719,,11.288762717609119,0.005033151137166416,
0,2.020000000000001,416.0762634277344,113.13886260986328,-300.4988098144531,,11.2887691482354,0.004993975405792756,
0,2.0300000000000007,416.0758972167969,113.24046325683594,-300.499267578125,,11.288772251933384,0.004911372170157068,
0,2.0400000000000005,416.0758972167969,113.24046325683594,-300.499267578125,,11.288772251933384,0.004911372170157068,
0,2.0500000000000003,416.0756530761719,113.30819702148438,-300.49957275390625,,11.288770622379163,0.004892096254997539,
0,2.06,416.0755310058594,113.3420639038086,-300.4997253417969,,11.288768322921253,0.004875451321019074,
0,2.07,416.0749206542969,113.51139831542969,-300.5006408691406,,11.288748727540833,0.004688089390896623,
0,2.08,416.0747985839844,113.5452651977539,-300.5008239746094,,11.288743390906761,0.004679206958711818,
0,2.0899999999999994,416.0744323730469,113.64686584472656,-300.5013732910156,,11.288723427449673,0.0046545624947310965,
0,2.099999999999999,416.0740661621094,113.74845886230469,-300.5018310546875,,11.286814449038626,0.0071025866322375845,
0,2.109999999999999,416.0739440917969,113.78231811523438,-300.5019226074219,,11.285776472864665,0.010075141522521683,
0,2.1199999999999988,416.0734558105469,113.917724609375,-300.50189208984375,,11.28153968843454,0.021105004588546753,
0,2.1299999999999986,416.0711364746094,114.5604019165039,-300.49560546875,,11.27505281638169,0.00829657378452326,
0,2.1399999999999983,416.0689392089844,115.1695327758789,-300.4928283691406,,11.283993768503578,0.004704400904068287,
0,2.149999999999998,416.0677185058594,115.50809478759766,-300.4931945800781,,11.286294724738545,0.0061240788581597245,
0,2.159999999999998,416.0674743652344,115.57581329345705,-300.4933776855469,,11.286611605712114,0.005695825643975764,
0,2.1699999999999977,416.0672302246094,115.6435317993164,-300.4935607910156,,11.286891328731745,0.005243959335082993,
0,2.179999999999997,416.0669860839844,115.71125030517578,-300.4937438964844,,11.287138428733646,0.0049024616312617585,
0,2.1899999999999973,416.0647888183594,116.32081604003906,-300.4961242675781,,11.288352547749726,0.20884320385807892,
0,2.199999999999997,416.0635681152344,116.65948486328124,-300.4976501464844,,11.288622342631983,0.34190589360460716,
0,2.209999999999997,416.0602111816406,117.37068176269531,-300.50128173828125,,11.28613263302416,0.5007734798746428,
0,2.2199999999999966,416.0511474609375,118.55493927001952,-300.4962158203125,,11.285521264017117,0.743201323958165,
0,2.2299999999999964,416.0459289550781,118.92741394042969,-300.4996643066406,,11.291233007402324,0.7934016009365802,
0,2.239999999999996,416.033447265625,119.57073974609376,-300.50848388671875,,11.283191487714754,0.919708092754148,
0,2.249999999999996,416.02423095703125,119.94287872314452,-300.51190185546875,,11.279175360320723,0.9991739102748877,
0,2.2599999999999962,415.9942626953125,120.78813934326172,-300.5249328613281,,11.27950291170933,1.0898606943155307,
0,2.269999999999996,415.931640625,121.83482360839844,-300.5639953613281,,11.287550454526125,1.2303586129640618,
0,2.279999999999996,415.7886352539063,123.2126922607422,-300.66363525390625,,11.29864904005471,1.3226386909269294,
0,2.289999999999995,415.6597290039063,124.0457992553711,-300.7506103515625,,11.302300382985464,1.3121510763150772,
0,2.2999999999999954,415.4408874511719,125.09955596923828,-300.888427734375,,11.307234234164063,1.2703980646819832,
0,2.3099999999999947,415.1270446777344,126.23031616210938,-301.0711669921875,,11.321706302680761,1.3122963356841622,
0,2.3199999999999945,414.7328186035156,127.33244323730469,-301.284423828125,,11.347149364163917,1.381427985201568,
0,2.3299999999999943,414.52581787109375,127.82518768310548,-301.3910217285156,,11.361456615048947,1.420669377113598,
0,2.339999999999994,414.1387939453125,128.63897705078122,-301.5823974609375,,11.386308670974447,1.5031090757958465,
0,2.349999999999994,413.7392272949219,129.37069702148438,-301.7702941894531,,11.405758713101838,1.5970983825405094,
0,2.3599999999999937,413.1700134277344,130.2723388671875,-302.0250549316406,,11.43785813946876,1.5731795689497574,
0,2.369999999999993,412.9205322265625,130.62648010253906,-302.1321105957031,,11.443994472564325,1.5183076927086119,
0,2.379999999999993,412.9009399414063,130.65342712402344,-302.140380859375,,11.444283594139167,1.5130835932291062,
0,2.389999999999993,412.88128662109375,130.68032836914062,-302.1486511230469,,11.444541580923016,1.5077032693206955,
0,2.3999999999999932,412.2865905761719,131.4422607421875,-302.3876037597656,,11.444237955960123,1.3104088812387422,
0,2.4099999999999926,411.7822570800781,132.0205078125,-302.57305908203125,,11.435785813384008,1.1157228214207746,
0,2.4199999999999924,411.5312194824219,132.28849792480472,-302.65966796875,,11.430309566926356,1.0182904394577144,
0,2.4299999999999917,411.5312194824219,132.28849792480472,-302.65966796875,,11.430309566926356,1.0182904394577144,
0,2.4399999999999915,411.5080871582031,132.31257629394528,-302.6674499511719,,11.429768882835003,1.0093924245519557,
0,2.449999999999992,411.4848937988281,132.33660888671878,-302.67523193359375,,11.429242579819586,1.0005254598132873,
0,2.4599999999999915,411.4616394042969,132.360595703125,-302.6830139160156,,11.428717795668272,0.9916670639744307,
0,2.4699999999999918,411.4383544921875,132.38453674316406,-302.6907653808594,,11.428187619737228,0.9828079776802842,
0,2.4799999999999907,411.4383544921875,132.38453674316406,-302.6907653808594,,11.428187619737228,0.9828079776802842,
0,2.489999999999991,411.3916015625,132.4322509765625,-302.70623779296875,,11.427097086999732,0.965096329911188,
0,2.4999999999999907,411.3681640625,132.45603942871094,-302.7139587402344,,11.426533199500962,0.9562583967282386,
0,2.5099999999999905,411.27386474609375,132.55070495605472,-302.74468994140625,,11.424302420740434,0.9216692140583035,
0,2.5199999999999902,410.76544189453125,133.03453063964844,-302.90234375,,11.412882778308923,0.7484568434447844,
0,2.52999999999999,410.1054382324219,133.60110473632812,-303.0892333984375,,11.402761753794417,0.5678702922685898,
0,2.5399999999999903,409.46685791015625,134.0897216796875,-303.25445556640625,,11.402574443489744,0.479809130700653,
0,2.5499999999999896,408.8572692871094,134.50633239746094,-303.4013977050781,,11.414257868124018,0.47863765590091983,
0,2.5599999999999894,408.0193786621094,135.00657653808594,-303.5919189453125,,11.452522245593775,0.5395180846136404,
0,2.569999999999989,407.4194641113281,135.31736755371094,-303.7236022949219,,11.49636502799672,0.5831636086894515,
0,2.5799999999999894,406.5518493652344,135.70468139648438,-303.9104309082031,,11.54508082803355,0.6216659099658441,
0,2.5899999999999888,405.6640625,136.05091857910156,-304.08160400390625,,11.500451615190817,0.6203697934759289,
0,2.5999999999999885,404.6685791015625,136.40040588378906,-304.23553466796875,,11.430117337289348,0.5933020032797546,
0,2.6099999999999883,403.82659912109375,136.669189453125,-304.3334655761719,,11.373341888257436,0.5589226990151511,
0,2.6199999999999886,402.6856994628906,136.99765014648438,-304.42120361328125,,11.307814261725966,0.5095832123437873,
0,2.6299999999999883,401.8339538574219,137.21774291992188,-304.4555969238281,,11.268504655464081,0.4749738199602661,
0,2.639999999999988,400.6172790527344,137.49642944335938,-304.4635314941406,,11.225986953981336,0.43671822876337724,
0,2.6499999999999875,399.62774658203125,137.69316101074222,-304.43878173828125,,11.201887154213614,0.41555712018959745,
0,2.6599999999999877,398.8016357421875,137.83758544921878,-304.3997497558594,,11.18774703759382,0.39863548305055546,
0,2.669999999999987,397.8087768554688,137.9881591796875,-304.3340148925781,,11.176681959519648,0.38239030452808087,
0,2.679999999999987,396.68206787109375,138.13003540039062,-304.2389831542969,,11.170288477115,0.36000459856151557,
0,2.689999999999986,395.9854431152344,138.20310974121094,-304.17138671875,,11.168877533513085,0.34626284337928215,
0,2.6999999999999864,395.354736328125,138.26011657714844,-304.10546875,,11.168909775911235,0.3287835511310213,
0,2.7099999999999858,394.790283203125,138.30406188964844,-304.04327392578125,,11.169792615948525,0.3165581983029379,
0,2.7199999999999855,394.42486572265625,138.32908630371094,-304.0016174316406,,11.170729531605549,0.30663654770084126,
0,2.7299999999999858,394.3251647949219,138.33546447753906,-303.9900817871094,,11.171037794240938,0.3061736051452799,
0,2.7399999999999856,393.76019287109375,138.36802673339844,-303.9235534667969,,11.173017090205853,0.291334238823051,
0,2.7499999999999853,392.6961975097656,138.41361999511722,-303.7937316894531,,11.177935148512395,0.2668474084518119,
0,2.759999999999985,391.8645935058594,138.43600463867188,-303.6893310546875,,11.182492642438344,0.2479418186212045,
0,2.769999999999985,391.1655883789063,138.446533203125,-303.6004333496094,,11.186643289621445,0.23512976079354483,
0,2.7799999999999847,390.2999267578125,138.44990539550778,-303.4894104003906,,11.192019113919883,0.21866384028447897,
0,2.7899999999999845,389.900390625,138.4481201171875,-303.4381408691406,,11.194556321212858,0.21035968673262614,
0,2.7999999999999843,389.23388671875,138.44076538085938,-303.3526916503906,,11.198784383693637,0.19930619085147916,
0,2.809999999999984,388.8006591796875,138.43319702148438,-303.2972717285156,,11.201526626175843,0.19252379678147608,
0,2.819999999999984,388.2674560546875,138.42106628417972,-303.2294006347656,,11.204894626357394,0.18411898069296617,
0,2.829999999999984,387.5337829589844,138.39967346191406,-303.1368713378906,,11.20944659172502,0.17222588723414547,
0,2.8399999999999834,387.1001586914063,138.38459777832028,-303.0826721191406,,11.21209389448913,0.16745845205983284,
0,2.8499999999999828,386.29962158203125,138.35250854492188,-302.9837341308594,,11.216873359562952,0.15633891504595843,
0,2.8599999999999826,385.3314514160156,138.30699157714844,-302.866455078125,,11.222399136031383,0.14505251765101762,
0,2.869999999999983,384.6971130371094,138.27360534667972,-302.7911071777344,,11.225897536440891,0.13613009593385683,
0,2.8799999999999826,383.9287109375,138.22987365722656,-302.7016296386719,,11.22994099824002,0.12835877079092944,
0,2.8899999999999824,383.8618774414063,138.22590637207028,-302.6939392089844,,11.230287987724791,0.12737937471460742,
0,2.899999999999982,383.2269592285156,138.18708801269528,-302.6216735839844,,11.233478078881099,0.12167844552668432,
0,2.909999999999982,382.7925415039063,138.15937805175778,-302.57305908203125,,11.235591739484208,0.11704114686498605,
0,2.9199999999999817,382.1235961914063,138.1151123046875,-302.49957275390625,,11.23872668991198,0.11057024516639112,
0,2.929999999999981,380.7519226074219,138.01910400390622,-302.3540344238281,,11.244712850425682,0.09771467582676789,
0,2.9399999999999813,379.8815002441406,137.95523071289062,-302.2654113769531,,11.248203819119812,0.09207837742555458,
0,2.9499999999999815,378.6085510253906,137.85881042480472,-302.1409606933594,,11.252900959786038,0.08290395458596411,
0,2.9599999999999813,377.8043212890625,137.79652404785156,-302.0654602050781,,11.255622095118355,0.07922626573136722,
0,2.9699999999999807,376.6304626464844,137.70445251464844,-301.9596862792969,,11.259279643170828,0.07258364820318793,
0,2.9799999999999804,375.2545471191406,137.59564208984378,-301.8421630859375,,11.263125933255997,0.06764864723566966,
0,2.98999999999998,373.8440856933594,137.48426818847656,-301.7287292480469,,11.26661295181992,0.06190460772055301,
0,2.9999999999999796,372.8360900878906,137.40531921386722,-301.6518249511719,,11.268845355142318,0.05774506292419716,
0,3.00999999999998,371.8273315429688,137.32730102539062,-301.5782775878906,,11.270882358094276,0.0544713950102127,
0,3.01999999999998,370.34716796875,137.21507263183594,-301.4762878417969,,11.27355390065187,0.050117457771243594,
0,3.02999999999998,369.1353759765625,137.12570190429688,-301.39776611328125,,11.275471271223335,0.04655054856935369,
0,3.0399999999999787,367.7879943847656,137.02949523925778,-301.31549072265625,,11.277362063687175,0.041991198859446834,
0,3.0499999999999785,366.6761779785156,136.95280456542972,-301.2513122558594,,11.27875247236076,0.03986518508548426,
0,3.0599999999999787,365.49591064453125,136.87435913085938,-301.186767578125,,11.280067807840714,0.03749854701723706,
0,3.0699999999999785,363.9781799316406,136.77816772460938,-301.10882568359375,,11.281570033683899,0.03492341713549263,
0,3.0799999999999783,363.0668640136719,136.72308349609378,-301.0646057128906,,11.282362589612909,0.03352197814482902,
0,3.089999999999978,361.8180236816406,136.65092468261722,-301.0070495605469,,11.283341586887536,0.03166624520148406,
0,3.099999999999978,361.6155090332031,136.63958740234378,-300.9980773925781,,11.283481905625404,0.031209217650019782,
0,3.1099999999999777,360.6697692871094,136.58805847167972,-300.95709228515625,,11.28413396025694,0.029934887084465095,
0,3.119999999999977,359.6562805175781,136.53532409667972,-300.9151611328125,,11.284767494437428,0.028739753303080803,
0,3.129999999999977,358.6427917480469,136.48519897460938,-300.87518310546875,,11.28534765893257,0.02754105841213806,
0,3.1399999999999766,357.4261474609375,136.42848205566406,-300.8297119140625,,11.285948232374457,0.02614083325496445,
0,3.149999999999977,356.107421875,136.3712158203125,-300.7832946777344,,11.286534049845667,0.024695738056070733,
0,3.1599999999999766,354.89013671875,136.32215881347656,-300.742919921875,,11.287003505190116,0.023428322747431955,
0,3.1699999999999764,354.484375,136.30659484863278,-300.7300109863281,,11.287144342205153,0.022873683468901097,
0,3.179999999999976,353.26708984375,136.26226806640622,-300.6926574707031,,11.287538143060765,0.02168717887459357,
0,3.189999999999976,352.0150451660156,136.22032165527344,-300.6564636230469,,11.28789568052972,0.02083741089703409,
0,3.199999999999976,350.7289733886719,136.18089294433594,-300.6214599609375,,11.288200274225048,0.019880415818785597,
0,3.2099999999999755,349.34136962890625,136.14237976074222,-300.58599853515625,,11.288484588121236,0.01858407195367655,
0,3.2199999999999758,348.190673828125,136.11347961425778,-300.55841064453125,,11.288687059398045,0.017916447594898844,
0,3.229999999999975,347.4122619628906,136.09541320800778,-300.5405578613281,,11.288812870875429,0.01719809161985646,
0,3.239999999999975,346.024658203125,136.06607055664062,-300.51031494140625,,11.288995665285336,0.016656825566561135,
0,3.2499999999999747,344.73785400390625,136.0421142578125,-300.490234375,,11.302625907616445,0.019647854649223976,
0,3.2599999999999745,343.38116455078125,136.02043151855472,-300.4950256347656,,11.30823317033078,0.016200678176704352,
0,3.2699999999999743,341.923095703125,136.00027465820312,-300.5021667480469,,11.29493231181555,0.023605119837670777,
0,3.2799999999999736,340.3648376464844,135.98167419433594,-300.4912414550781,,11.29924206484366,0.014997370238587717,
0,3.289999999999974,339.31378173828125,135.97114562988278,-300.4960021972656,,11.300774610766966,0.012686140419774198,
0,3.2999999999999736,338.1273498535156,135.96086120605472,-300.50103759765625,,11.288585895172783,0.02379804368265394,
0,3.3099999999999734,336.603515625,135.94969177246094,-300.4939270019531,,11.295028282199272,0.012129379266743335,
0,3.319999999999973,335.113037109375,135.94125366210938,-300.50128173828125,,11.293588732262391,0.009776781995042604,
0,3.329999999999973,333.6912841796875,135.93484497070312,-300.49090576171875,,11.289045466230766,0.007290961599941506,
0,3.3399999999999728,332.2685546875,135.93037414550778,-300.4958801269531,,11.29307515367089,0.007319788522002063,
0,3.349999999999973,331.08294677734375,135.92793273925778,-300.502197265625,,11.289874025016058,0.01398561948086512,
0,3.3599999999999723,329.7635192871094,135.92643737792972,-300.48773193359375,,11.281831937119026,0.020932292991037313,
0,3.3699999999999712,328.81549072265625,135.92642211914062,-300.487548828125,,11.287279057037292,0.03583072577666007,
0,3.3799999999999715,328.47674560546875,135.9266357421875,-300.488525390625,,11.287199113836266,0.046336329100633504,
0,3.389999999999972,327.3256530761719,135.92835998535156,-300.49267578125,,11.282819933510405,0.13626553140870995,
0,3.3999999999999715,326.1080017089844,135.93238830566406,-300.4954833984375,,11.256034796654445,2.5049197716472893,
0,3.4099999999999717,324.8689270019531,135.9427490234375,-300.4940185546875,,11.013930130505342,2.3583511979218943,
0,3.4199999999999715,323.6444396972656,135.9677734375,-300.5069274902344,,10.423669198607717,1.857616242819114,
0,3.4299999999999713,322.942626953125,135.99359130859378,-300.5282897949219,,9.929494770264892,1.8274753145679357,
0,3.43999999999997,321.73565673828125,136.07682800292972,-300.60162353515625,,8.835565925422427,1.924672502942588,
0,3.4499999999999704,320.7568359375,136.20187377929688,-300.703369140625,,7.683589477006793,2.278992393736781,
0,3.45999999999997,319.9145202636719,136.36201477050778,-300.8371276855469,,6.421134196365428,2.6408361210535634,
0,3.46999999999997,319.22564697265625,136.52224731445312,-301.002685546875,,5.129732646143563,2.6124206973472375,
0,3.4799999999999702,318.73968505859375,136.63067626953122,-301.17041015625,,4.118155040841166,2.6184607651105174,
0,3.4899999999999696,318.4677734375,136.68504333496094,-301.3055419921875,,3.5236370406225377,2.756923968363999,
0,3.4999999999999694,318.1597900390625,136.75721740722656,-301.55706787109375,,2.8239408054722177,2.7698544718146922,
0,3.509999999999969,318.0207214355469,136.83425903320312,-301.80950927734375,,2.521158215978324,2.518976517920778,
0,3.519999999999969,318.00054931640625,136.89140319824222,-301.972412109375,,2.5640168565329655,2.68111293698149,
0,3.5299999999999687,318.0744934082031,136.99224853515622,-302.25518798828125,,2.949411806880013,2.966124683382482,
0,3.5399999999999685,318.3096008300781,137.08944702148438,-302.58978271484375,,3.3718650788566764,2.266476752286929,
0,3.5499999999999683,318.61529541015625,137.15327453613278,-302.8623962402344,,3.5387427253529857,1.597222773021942,
0,3.5599999999999685,318.98565673828125,137.20265197753906,-303.08575439453125,,3.742329769745877,0.8071307639843601,
0,3.5699999999999683,319.51318359375,137.25164794921878,-303.287109375,,4.183287973750085,0.17639532292200305,
0,3.579999999999968,320.0726623535156,137.28857421875,-303.4173278808594,,4.773173361209496,0.8520166016858142,
